use trungtamanhngu;
--



INSERT INTO giaovien(MaGiaoVien,HoTen,Email,GioiTinh,NgaySinh,SDT) VALUES ('GV01','Phạm Thi Vương','vuongpt@gmail.com','Nam','1980-02-29','0815354871'),('GV02','Trần Tiểu Bảo','tieubao@gmail.com','Nam','2000-05-19','0166729547'),('GV03','Lê Thanh Tâm','thanhtamle1306@gmail.com','Nữ','1997-08-23','0126558481'),('GV04','Nguyễn Chí Thắng','thangnguyen@gmail.com','Nam','1995-11-20','0993427659'),('GV05','Lê Thị Tuyết Sương','tuyetsuongle@gmail.com','Nữ','1989-05-23','0126778406'),('GV06','Lê Hồng Gấm','gamkami@gmail.com','Nữ','1995-03-10','0993427659'),('GV07','Trương Quỳnh Anh','quynhalee@gmail.com','Nữ','2000-12-13','0815354868'),('GV08','Trần Phú Hải','hai190500@gmail.com','Nam','2000-06-17','0166729567'),('GV09','Lê Minh Ngọc','minhngoc@gmail.com','Nữ','1997-08-23','0126559656'),('GV10','Đinh Thị Thu Hương','thuhuong@gmail.com','Nữ','1995-04-02','0993427600'),('GV11','Nguyến Hữu Đang','danghuu@gmail.com','Nam','1989-08-09','0126771245'),('GV12','Đặng Thùy Chi','omachi@gmail.com','Nữ','1995-09-10','0993427113');


--

--
INSERT INTO khoathi(MaKhoaThi,TenKhoaThi,NgayThi) VALUES ('K0122','Khóa tháng 1 năm 2022','2022-01-13'),('K0222','Khóa tháng 2 năm 2022','2022-02-13'),('K0322','Khóa tháng 3 năm 2022','2022-03-13'),('K0422','Khóa tháng 4 năm 2022','2022-04-13'),('K0522','Khóa tháng 5 năm 2022','2022-05-13'),('K0622','Khóa tháng 6 năm 2022','2022-06-13'),('K0722','Khóa tháng 7 năm 2022','2022-07-13'),('K0822','Khóa tháng 8 năm 2022','2022-08-13'),('K0922','Khóa tháng 9 năm 2022','2022-09-13'),('K1022','Khóa tháng 10 năm 2022','2022-10-13'),('K1122','Khóa tháng 11 năm 2022','2022-11-13'),('K1221','Khóa tháng 12 năm 2022','2021-12-13');


--

--

INSERT INTO phanthi(TenPhanThi) VALUES ('Đọc '),('Nghe'),('Nói'),('Viết');


--

--

INSERT INTO trinhdo(TenTrinhDo) VALUES ('A2'),('B1');



INSERT INTO phongthi(MaPhongThi,TenPhongThi,SoLuong,TenTrinhDo,MaKhoaThi) VALUES ('P1K1221','A2P01',31,'A2','K1221'),('P2K1221','A2P02',30,'A2','K1221'),('P3K1221','B1P01',31,'B1','K1221');


--

--

INSERT INTO thisinh(CMND,HoTen,GioiTinh,NgaySinh,NoiSinh,NgayCap,NoiCap,SDT,Email) VALUES ('111849552','Trần Ngọc Kiều','Nữ','2000-07-15','Củ Chi','2021-09-04','Q5, TP.HCM','2225024342','ngockieu@gmail.com'),('113849571','Lê Kiều Ánh Tuyết','Nữ','2000-04-11','Quảng Nam','2021-11-05','Q8, TP.HCM','2211503721','anhtuyet@gmail.com'),('113849579','Lê Kiều Diễm','Nữ','2000-04-01','Quảng Nam','2021-11-05','Q8, TP.HCM','2211993721','kieudiem@gmail.com'),('115238469','Trần Thị Kim Anh','Nữ','2000-05-30','Đà Lạt','2021-11-05','Q5, TP.HCM','3375024968','kimanh@gmail.com'),('115238470','Trần Thị Kim Thùy','Nữ','2000-05-30','Quảng Ngãi','2021-11-05','Q5, TP.HCM','3375014968','kimthuy@gmail.com'),('121849552','Nguyễm Văn Sang','Nam','2000-08-17','TP.HCM','2021-08-08','Q8, TP.HCM','0195024342','vansang@gmail.com'),('123845554','Hà Kim Linh','Nữ','2000-02-13','Đà Lạt','2021-09-04','Q5, TP.HCM','2175224356','kimlinh@gmail.com'),('152384955','Trần Quốc Vương','Nam','2000-04-22','Quảng Ninh','2021-09-05','Q5, TP.HCM','1205024968','quocvuong@gmail.com'),('152384976','Nguyễn Minh Luân','Nam','2000-06-21','Quảng Nam','2021-09-05','Q5, TP.HCM','1185024968','minhluan@gmail.com'),('159884976','Nguyễn Anh Quân','Nam','2000-06-21','TP>HCM','2021-09-05','Q5, TP.HCM','2232064968','anhquan@gmail.com'),('159884977','Nguyễn Anh Thư','Nữ','2000-01-21','TP.HCM','2021-09-04','Q5, TP.HCM','2211064968','anhthu@gmail.com'),('172384022','Trần Thanh Thảo','Nữ','2000-03-19','Quảng Ngãi','2021-09-03','Q8, TP.HCM','1995024352','dttthao@gmail.com'),('172384222','Đặng Thị Ngọc Hiền','Nữ','2000-03-30','Quảng Ngãi','2021-09-06','Q8, TP.HCM','1775024352','ngochien@gmail.com'),('173849596','Lê Thanh Nhàn','Nam','2000-09-13','Củ Chi','2021-09-04','Q5, TP.HCM','0165603767','thanhnhan@gmail.com'),('176384058','Trần Thanh Xuân','Nữ','2000-03-19','Quảng Ngãi','2021-09-03','Q8, TP.HCM','1995024352','dttxuan@gmail.com'),('176484058','Trần Kim Tuyến','Nữ','2000-03-22','Quảng Ngãi','2021-09-05','Q8, TP.HCM','1995024352','kimtuyen@gmail.com'),('183849501','Lê Văn Mạnh','Nam','2000-09-17','Bình Định','2021-09-04','Q5, TP.HCM','0011603767','vanmanh@gmail.com'),('183849502','Lê Thanh Phú','Nam','2000-09-17','Củ Chi','2021-09-04','Q5, TP.HCM','0165603767','thanhnhan@gmail.com'),('183849799','Lê Nhật Hào','Nam','2000-08-11','Củ Chi','2021-09-04','Q5, TP.HCM','0111103767','nhathao@gmail.com'),('183849999','Lê Tuấn Tài','Nam','2000-09-17','Củ Chi','2021-09-04','Q5, TP.HCM','0165003767','tuantai@gmail.com'),('201495521','Lê Minh Bạch','Nam','2000-02-15','Củ Chi','2021-09-06','Q8, TP.HCM','1122324342','minhbach@gmail.com'),('206849421','Trần Quốc Bảo','Nam','2000-02-26','TP.HCM','2021-09-04','Q8, TP.HCM','0565603762','quocbao@gmail.com'),('206849424','Trần Vĩ Văn','Nam','2000-02-06','TP.HCM','2021-09-04','Q8, TP.HCM','0105603762','vivan@gmail.com'),('206849981','Lê Ngọc Hà','Nữ','2000-07-26','TP.HCM','2021-09-05','Q5, TP.HCM','0565001162','ngocha@gmail.com'),('206849991','Lê Tuấn Tú','Nam','2000-03-26','TP.HCM','2021-09-05','Q8, TP.HCM','0565003762','tuantu@gmail.com'),('211495521','Đinh Thị Bích Hằng','Nữ','2000-06-15','TP.HCM','2021-08-06','Q8, TP.HCM','9895024342','bichhang@gmail.com'),('211849551','Trần Ngọc Trâm','Nữ','2000-07-05','Củ Chi','2021-09-05','Q5, TP.HCM','3225024342','ngoctram@gmail.com'),('212849476','Trần Quốc Toàn','Nam','2000-05-19','Quảng Ngãi','2021-09-03','Q8, TP.HCM','0565603762','banhbo190500@gmail.com'),('212849477','Trần Quốc Tuấn','Nam','2000-11-21','Quảng Trị','2021-09-06','Q8, TP.HCM','0565001762','quoctuan@gmail.com'),('213849575','Lê Thanh Toàn','Nam','2000-06-13','Củ Chi','2021-09-04','Q5, TP.HCM','0565603761','toanthanhle@gmail.com'),('213849576','Lê Thanh Thản','Nam','2000-06-13','Quản Bình','2021-09-04','Q5, TP.HCM','0115603761','lethanhthan@gmail.com'),('215849421','Trần Quốc Bảo','Nam','2000-02-26','TP.HCM','2021-09-04','Q8, TP.HCM','0565603762','quocbao@gmail.com'),('215849422','Trần Ha Hả','Nam','2000-02-22','TP.HCM','2021-09-04','Q8, TP.HCM','0565112762','haha@gmail.com'),('221849421','Trần Kim Chi','Nữ','2000-06-26','TP.HCM','2021-09-05','Q8, TP.HCM','0565603666','kimchi@gmail.com'),('222849412','Trần Gia Thuận','Nam','2000-09-11','Quảng Ngãi','2021-09-06','Q8, TP.HCM','0232603762','giathuan@gmail.com'),('222849476','Trần Quốc Việt','Nam','2000-09-02','Quảng Ngãi','2021-09-06','Q8, TP.HCM','0565603762','quocviet@gmail.com'),('223384955','Nguyễn Ái Nhị','Nữ','2000-10-10','Kontum','2021-09-06','Q5, TP.HCM','9795599284','ainhi@gmail.com'),('223384959','Nguyễn Ái Nộ','Nữ','2000-10-10','Kontum','2021-09-06','Q5, TP.HCM','9795524284','ainonguyen@gmail.com'),('223849574','Lê Tùng Vân','Nam','2000-06-23','Hà Nội','2021-09-06','Q5, TP.HCM','6655603761','tungvan@gmail.com'),('223849575','Lê Văn Luyện','Nam','2000-06-13','Hà Nội','2021-09-06','Q5, TP.HCM','6655603761','luyenle@gmail.com'),('228384458','Nguyễn Kiều ','Nữ','2000-04-13','Gia Lai','2021-09-06','Q5, TP.HCM','9791124284','kieunguyen@gmail.com'),('228384959','Nguyễn Văn Ý','Nữ','2000-04-13','Kontum','2021-09-06','Q5, TP.HCM','9792024284','vany@gmail.com'),('242384958','Trần Thuận Lùi','Nam','2000-05-29','Bình Phước','2021-09-05','Q8, TP.HCM','2288024968','thuanlui@gmail.com'),('242384988','Trần Văn Sáng','Nam','2000-05-19','Bình Phước','2021-09-05','Q8, TP.HCM','2288004968','vansang@gmail.com'),('251384965','Trần Văn Chiến','Nam','2000-04-21','Quảng Ngãi','2021-09-05','Q5, TP.HCM','8445024968','vanchien@gmail.com'),('251384975','Nguyễn Công Minh','Nam','2000-04-21','Quảng Ngãi','2021-09-05','Q5, TP.HCM','84450114968','congminh@gmail.com'),('271384020','Đặng Gia Bảo','Nam','2000-01-29','Quảng Ngãi','2021-09-06','Q8, TP.HCM','1995024350','giabao@gmail.com'),('271384022','Đặng Kiều My','Nữ','2000-03-29','Quảng Ngãi','2021-09-06','Q8, TP.HCM','1995024350','kieumy@gmail.com'),('273849696','Lý Văn Lộc','Nam','2000-09-17','Mỹ Tho','2021-09-04','Q5, TP.HCM','0165622767','vanloc@gmail.com'),('276384059','Trần Thị Tuyết Nhi','Nữ','2000-03-10','Cà Mau','2021-09-05','Q5, TP.HCM','2965024325','tuyetnhi@gmail.com'),('276384159','Trần Thị Tuyết Sương','Nữ','2000-03-10','Cà Mau','2021-09-05','Q5, TP.HCM','2905024325','tuyetsuong@gmail.com'),('276384659','Trần Gia Hảo','Nữ','2000-03-10','Cà Mau','2021-09-05','Q5, TP.HCM','2965524666','giahao@gmail.com'),('321849552','Trần Gia Hân','Nữ','2000-07-15','TP.HCM','2021-09-04','Q5, TP.HCM','7775024342','giahan@gmail.com'),('321849555','Trần Ngọc Giàu','Nữ','2000-06-15','TP.HCM','2021-09-05','Q5, TP.HCM','6275024342','ngocgiau@gmail.com'),('322249221','Thái Kiến Huy','Nam','2000-01-23','TP.HCM','2021-09-04','Q8, TP.HCM','8775014356','kienhuy@gmail.com'),('322249554','Thái Phi Vũ','Nam','2000-01-23','TP.HCM','2021-09-04','Q5, TP.HCM','8775024356','phivu@gmail.com'),('323845554','Hà Kim Uyển','Nữ','2000-02-13','Đà Lạt','2021-09-04','Q5, TP.HCM','2175224356','kimuyen@gmail.com'),('323849554','Vũ Anh Phúc','Nam','2000-01-23','TP.HCM','2021-09-04','Q5, TP.HCM','8775024356','vaphuc@gmail.com'),('444638401','Trần Thị Tuyết Linh','Nữ','2000-02-20','Huế','2021-09-05','Q5, TP.HCM','9995024395','tuyetlinh@gmail.com'),('444638405','Trần Hoàng Vĩ','Nam','2000-02-20','Huế','2021-09-05','Q5, TP.HCM','9965024395','hoangvi@gmail.com'),('452384957','Nguyễn Hạo Lê','Nam','2000-01-19','TP.HCM','2021-09-05','Q8, TP.HCM','2275024118','haole@gmail.com'),('452384958','Trần Thuận Kiên','Nam','2000-05-19','TP.HCM','2021-09-05','Q8, TP.HCM','2275024968','thuantien00@gmail.com'),('612449472','Phạm Như Kiệt','Nam','2000-07-19','Hà Nội','2021-09-06','Q5, TP.HCM','0568873770','kiet1907@gmail.com'),('615231469','Trần Thị Kim Tuyền','Nữ','2000-04-30','Đà Lạt','2021-11-05','Q5, TP.HCM','3375024968','kimtuyen@gmail.com'),('615238469','Trần Thị Kim Anh','Nữ','2000-05-30','Đà Lạt','2021-11-05','Q5, TP.HCM','3375024968','kimanh@gmail.com'),('656584973','Nguyễn Bình Minh','Nam','2000-08-05','Gia Lai','2021-12-05','Q8, TP.HCM','9992024221','binhminh@gmail.com'),('656584977','Trịnh Lan Nhi','Nữ','2000-09-05','Gia Lai','2021-12-05','Q8, TP.HCM','9992024221','nhinhi@gmail.com'),('658384933','Trịnh Minh Nguyệt','Nữ','2000-07-06','Gia Lai','2021-12-05','Q8, TP.HCM','5692004221','tmnguyet@gmail.com'),('658384973','Lý Minh Châu','Nữ','2000-08-05','Gia Lai','2021-12-05','Q8, TP.HCM','5692024221','tmchau@gmail.com'),('666684022','Hà Như Ý','Nữ','2000-11-29','Quảng Nam','2021-09-05','Q8, TP.HCM','1965024352','nhuydang@gmail.com'),('666684058','Quách Kim Ngân','Nữ','2000-12-29','Quảng Nam','2021-09-05','Q8, TP.HCM','1965024352','kimngan@gmail.com'),('696984922','Chu Bá Văn','Nam','2000-08-25','Bến Tre','2021-09-05','Q5, TP.HCM','2222024284','chubavan@gmail.com'),('696984941','Kim Chi Su','Nữ','2000-08-25','Hàn Quốc','2021-09-05','Q5, TP.HCM','2222024284','sooyaaa@gmail.com'),('698384912','Phạm Ngọc Mẫn','Nam','2000-12-15','Củ Chi','2021-09-05','Q5, TP.HCM','3592024284','manman@gmail.com'),('698384922','Phạm Minh Mẫn','Nam','2000-08-25','Bến Tre','2021-09-05','Q5, TP.HCM','3592024284','manphamcute@gmail.com'),('712249571','Lê Thị Bành','Nữ','2000-04-11','Lâm Đồng','2021-11-04','Q8, TP.HCM','0514603721','banhthi@gmail.com'),('713849571','Lê Vân Anh','Nữ','2000-04-11','Quảng Nam','2021-11-04','Q8, TP.HCM','0565603721','vananh@gmail.com'),('718249576','Tiêu Dương Châu','Nam','2000-08-13','Củ Chi','2021-11-04','Q5, TP.HCM','6625603767','duongchau@gmail.com'),('718249596','Tiêu Ái Quốc','Nam','2000-09-13','Củ Chi','2021-11-04','Q5, TP.HCM','6625603767','aiquoc@gmail.com'),('76541234','Hà Thái Ngọc Huyền','Nữ','2000-03-03','Củ Chi','2021-09-05','Q5, TP.HCM','0142334284','ngochuyen@gmail.com'),('776384459','Trần Thị Ngọc Như','Nữ','2000-03-10','Cà Mau','2021-09-05','Q5, TP.HCM','2965024666','ngocnhu@gmail.com'),('777638405','Trần Yến Nhi','Nữ','2000-02-20','Huế','2021-09-16','Q5, TP.HCM','9965024395','yennhi@gmail.com'),('777638998','Nguyễn Thị Kim Chi','Nữ','2000-02-10','Huế','2021-09-05','Q5, TP.HCM','9965024395','kimchibolero@gmail.com'),('812449472','Phạm Thế Bá','Nam','2000-07-19','Hà Nội','2021-09-06','Q5, TP.HCM','0565603770','theba@gmail.com'),('812849472','Phạm Thế Anh','Nam','2000-07-19','Hà Nội','2021-09-03','Q5, TP.HCM','0565603760','theanh@gmail.com'),('812849474','Phan Gia Phát','Nam','2000-08-21','Hà Nội','2021-09-03','Q5, TP.HCM','1165603760','giaphat@gmail.com'),('814849554','Võ Thị Thủy','Nữ','2000-02-23','Đà Lạt','2021-09-04','Q5, TP.HCM','2175665356','thuyvu@gmail.com'),('823849554','Vũ Ngọc Thảo','Nữ','2000-02-23','Đà Lạt','2021-09-04','Q5, TP.HCM','2175024356','ngocthao@gmail.com'),('921849552','Nguyễn Bình Phương','Nam','2000-08-17','TP.HCM','2021-08-08','Q8, TP.HCM','9895024342','binhphuong@gmail.com'),('968319721','Phạm Tiểu My','Nữ','2000-07-03','Bến Tre','2021-09-05','Q5, TP.HCM','5012024284','tieumy@gmail.com'),('968384972','Phạm Như Ngọc','Nữ','2000-09-03','Bến Tre','2021-09-05','Q5, TP.HCM','5392024284','nhungonc@gmail.com'),('968394972','Hà Ái My','Nữ','2000-03-03','Bến Tre','2021-09-05','Q5, TP.HCM','5392334244','haaimy@gmail.com');


--

--



INSERT INTO gacthi(MaPhongThi,MaGiaoVien) VALUES ('P1K1221','GV01'),('P2K1221','GV02'),('P3K1221','GV03'),('P1K1221','GV04'),('P2K1221','GV05'),('P3K1221','GV06');



INSERT INTO baithi(MaBaiThi,MaPhongThi,SBD) VALUES ('A2P01_01','P1K1221','A2001'),('A2P01_02','P1K1221','A2002'),('A2P01_03','P1K1221','A2003'),('A2P01_04','P1K1221','A2004'),('A2P01_05','P1K1221','A2005'),('A2P01_06','P1K1221','A2006'),('A2P01_07','P1K1221','A2007'),('A2P01_08','P1K1221','A2008'),('A2P01_09','P1K1221','A2009'),('A2P01_10','P1K1221','A2010'),('A2P01_11','P1K1221','A2011'),('A2P01_12','P1K1221','A2012'),('A2P01_13','P1K1221','A2013'),('A2P01_14','P1K1221','A2014'),('A2P01_15','P1K1221','A2015'),('A2P01_16','P1K1221','A2016'),('A2P01_17','P1K1221','A2017'),('A2P01_18','P1K1221','A2018'),('A2P01_19','P1K1221','A2019'),('A2P01_20','P1K1221','A2020'),('A2P01_21','P1K1221','A2021'),('A2P01_22','P1K1221','A2022'),('A2P01_23','P1K1221','A2023'),('A2P01_24','P1K1221','A2024'),('A2P01_25','P1K1221','A2025'),('A2P01_26','P1K1221','A2026'),('A2P01_27','P1K1221','A2027'),('A2P01_28','P1K1221','A2028'),('A2P01_29','P1K1221','A2029'),('A2P01_30','P1K1221','A2030'),('A2P01_31','P1K1221','A2031'),('A2P02_01','P2K1221','A2032'),('A2P02_02','P2K1221','A2033'),('A2P02_03','P2K1221','A2034'),('A2P02_04','P2K1221','A2035'),('A2P02_05','P2K1221','A2036'),('A2P02_06','P2K1221','A2037'),('A2P02_07','P2K1221','A2038'),('A2P02_08','P2K1221','A2039'),('A2P02_09','P2K1221','A2040'),('A2P02_10','P2K1221','A2041'),('A2P02_11','P2K1221','A2042'),('A2P02_12','P2K1221','A2043'),('A2P02_13','P2K1221','A2044'),('A2P02_14','P2K1221','A2045'),('A2P02_15','P2K1221','A2046'),('A2P02_16','P2K1221','A2047'),('A2P02_17','P2K1221','A2048'),('A2P02_18','P2K1221','A2049'),('A2P02_19','P2K1221','A2050'),('A2P02_20','P2K1221','A2051'),('A2P02_21','P2K1221','A2052'),('A2P02_22','P2K1221','A2053'),('A2P02_23','P2K1221','A2054'),('A2P02_24','P2K1221','A2055'),('A2P02_25','P2K1221','A2056'),('A2P02_26','P2K1221','A2057'),('A2P02_27','P2K1221','A2058'),('A2P02_28','P2K1221','A2059'),('A2P02_29','P2K1221','A2060'),('A2P02_30','P2K1221','A2061'),('B1P01_01','P3K1221','B1001'),('B1P01_02','P3K1221','B1002'),('B1P01_03','P3K1221','B1003'),('B1P01_04','P3K1221','B1004'),('B1P01_05','P3K1221','B1005'),('B1P01_06','P3K1221','B1006'),('B1P01_07','P3K1221','B1007'),('B1P01_08','P3K1221','B1008'),('B1P01_09','P3K1221','B1009'),('B1P01_10','P3K1221','B1010'),('B1P01_11','P3K1221','B1011'),('B1P01_12','P3K1221','B1012'),('B1P01_13','P3K1221','B1013'),('B1P01_14','P3K1221','B1014'),('B1P01_15','P3K1221','B1015'),('B1P01_16','P3K1221','B1016'),('B1P01_17','P3K1221','B1017'),('B1P01_18','P3K1221','B1018'),('B1P01_19','P3K1221','B1019'),('B1P01_20','P3K1221','B1020'),('B1P01_21','P3K1221','B1021'),('B1P01_22','P3K1221','B1022'),('B1P01_23','P3K1221','B1023'),('B1P01_24','P3K1221','B1024'),('B1P01_25','P3K1221','B1025'),('B1P01_26','P3K1221','B1026'),('B1P01_27','P3K1221','B1027'),('B1P01_28','P3K1221','B1028'),('B1P01_29','P3K1221','B1029'),('B1P01_30','P3K1221','B1030'),('B1P01_31','P3K1221','B1031');

--

--

INSERT INTO diemthi(TenPhanThi,MaBaiThi,DIEM) VALUES ('Đọc ','A2P01_01',8),('Đọc ','A2P01_02',8),('Đọc ','A2P01_03',8),('Đọc ','A2P01_04',8),('Đọc ','A2P01_05',8),('Đọc ','A2P01_06',8),('Đọc ','A2P01_07',8),('Đọc ','A2P01_08',8),('Đọc ','A2P01_09',8),('Đọc ','A2P01_10',8),('Đọc ','A2P01_11',8),('Đọc ','A2P01_12',8),('Đọc ','A2P01_13',8),('Đọc ','A2P01_14',8),('Đọc ','A2P01_15',8),('Đọc ','A2P01_16',8),('Đọc ','A2P01_17',8),('Đọc ','A2P01_18',8),('Đọc ','A2P01_19',8),('Đọc ','A2P01_20',8),('Đọc ','A2P01_21',8),('Đọc ','A2P01_22',8),('Đọc ','A2P01_23',8),('Đọc ','A2P01_24',8),('Đọc ','A2P01_25',8),('Đọc ','A2P01_26',8),('Đọc ','A2P01_27',8),('Đọc ','A2P01_28',8),('Đọc ','A2P01_29',8),('Đọc ','A2P01_30',8),('Đọc ','A2P01_31',8),('Đọc ','A2P02_01',8),('Đọc ','A2P02_02',8),('Đọc ','A2P02_03',8),('Đọc ','A2P02_04',8),('Đọc ','A2P02_05',8),('Đọc ','A2P02_06',8),('Đọc ','A2P02_07',8),('Đọc ','A2P02_08',8),('Đọc ','A2P02_09',8),('Đọc ','A2P02_10',8),('Đọc ','A2P02_11',8),('Đọc ','A2P02_12',8),('Đọc ','A2P02_13',8),('Đọc ','A2P02_14',8),('Đọc ','A2P02_15',8),('Đọc ','A2P02_16',8),('Đọc ','A2P02_17',8),('Đọc ','A2P02_18',8),('Đọc ','A2P02_19',8),('Đọc ','A2P02_20',8),('Đọc ','A2P02_21',8),('Đọc ','A2P02_22',8),('Đọc ','A2P02_23',8),('Đọc ','A2P02_24',8),('Đọc ','A2P02_25',8),('Đọc ','A2P02_26',8),('Đọc ','A2P02_27',8),('Đọc ','A2P02_28',8),('Đọc ','A2P02_29',8),('Đọc ','A2P02_30',8),('Đọc ','B1P01_01',8),('Đọc ','B1P01_02',8),('Đọc ','B1P01_03',8),('Đọc ','B1P01_04',8),('Đọc ','B1P01_05',8),('Đọc ','B1P01_06',8),('Đọc ','B1P01_07',8),('Đọc ','B1P01_08',8),('Đọc ','B1P01_09',8),('Đọc ','B1P01_10',8),('Đọc ','B1P01_11',8),('Đọc ','B1P01_12',8),('Đọc ','B1P01_13',8),('Đọc ','B1P01_14',8),('Đọc ','B1P01_15',8),('Đọc ','B1P01_16',8),('Đọc ','B1P01_17',8),('Đọc ','B1P01_18',8),('Đọc ','B1P01_19',8),('Đọc ','B1P01_20',8),('Đọc ','B1P01_21',8),('Đọc ','B1P01_22',8),('Đọc ','B1P01_23',8),('Đọc ','B1P01_24',8),('Đọc ','B1P01_25',8),('Đọc ','B1P01_26',8),('Đọc ','B1P01_27',8),('Đọc ','B1P01_28',8),('Đọc ','B1P01_29',8),('Đọc ','B1P01_30',8),('Đọc ','B1P01_31',8),('Nghe','A2P01_01',6),('Nghe','A2P01_02',6),('Nghe','A2P01_03',6),('Nghe','A2P01_04',6),('Nghe','A2P01_05',6),('Nghe','A2P01_06',6),('Nghe','A2P01_07',6),('Nghe','A2P01_08',6),('Nghe','A2P01_09',6),('Nghe','A2P01_10',6),('Nghe','A2P01_11',6),('Nghe','A2P01_12',6),('Nghe','A2P01_13',6),('Nghe','A2P01_14',6),('Nghe','A2P01_15',6),('Nghe','A2P01_16',6),('Nghe','A2P01_17',6),('Nghe','A2P01_18',6),('Nghe','A2P01_19',6),('Nghe','A2P01_20',6),('Nghe','A2P01_21',6),('Nghe','A2P01_22',6),('Nghe','A2P01_23',6),('Nghe','A2P01_24',6),('Nghe','A2P01_25',6),('Nghe','A2P01_26',6),('Nghe','A2P01_27',6),('Nghe','A2P01_28',6),('Nghe','A2P01_29',6),('Nghe','A2P01_30',6),('Nghe','A2P01_31',6),('Nghe','A2P02_01',6),('Nghe','A2P02_02',6),('Nghe','A2P02_03',6),('Nghe','A2P02_04',6),('Nghe','A2P02_05',6),('Nghe','A2P02_06',6),('Nghe','A2P02_07',6),('Nghe','A2P02_08',6),('Nghe','A2P02_09',6),('Nghe','A2P02_10',6),('Nghe','A2P02_11',6),('Nghe','A2P02_12',6),('Nghe','A2P02_13',6),('Nghe','A2P02_14',6),('Nghe','A2P02_15',6),('Nghe','A2P02_16',6),('Nghe','A2P02_17',6),('Nghe','A2P02_18',6),('Nghe','A2P02_19',6),('Nghe','A2P02_20',6),('Nghe','A2P02_21',6),('Nghe','A2P02_22',6),('Nghe','A2P02_23',6),('Nghe','A2P02_24',6),('Nghe','A2P02_25',6),('Nghe','A2P02_26',6),('Nghe','A2P02_27',6),('Nghe','A2P02_28',6),('Nghe','A2P02_29',6),('Nghe','A2P02_30',6),('Nghe','B1P01_01',6),('Nghe','B1P01_02',6),('Nghe','B1P01_03',6),('Nghe','B1P01_04',6),('Nghe','B1P01_05',6),('Nghe','B1P01_06',6),('Nghe','B1P01_07',6),('Nghe','B1P01_08',6),('Nghe','B1P01_09',6),('Nghe','B1P01_10',6),('Nghe','B1P01_11',6),('Nghe','B1P01_12',6),('Nghe','B1P01_13',6),('Nghe','B1P01_14',6),('Nghe','B1P01_15',6),('Nghe','B1P01_16',6),('Nghe','B1P01_17',6),('Nghe','B1P01_18',6),('Nghe','B1P01_19',6),('Nghe','B1P01_20',6),('Nghe','B1P01_21',6),('Nghe','B1P01_22',6),('Nghe','B1P01_23',6),('Nghe','B1P01_24',6),('Nghe','B1P01_25',6),('Nghe','B1P01_26',6),('Nghe','B1P01_27',6),('Nghe','B1P01_28',6),('Nghe','B1P01_29',6),('Nghe','B1P01_30',6),('Nghe','B1P01_31',6),('Nói','A2P01_01',9),('Nói','A2P01_02',9),('Nói','A2P01_03',9),('Nói','A2P01_04',9),('Nói','A2P01_05',9),('Nói','A2P01_06',9),('Nói','A2P01_07',9),('Nói','A2P01_08',9),('Nói','A2P01_09',9),('Nói','A2P01_10',9),('Nói','A2P01_11',9),('Nói','A2P01_12',9),('Nói','A2P01_13',9),('Nói','A2P01_14',9),('Nói','A2P01_15',9),('Nói','A2P01_16',9),('Nói','A2P01_17',9),('Nói','A2P01_18',9),('Nói','A2P01_19',9),('Nói','A2P01_20',9),('Nói','A2P01_21',9),('Nói','A2P01_22',9),('Nói','A2P01_23',9),('Nói','A2P01_24',9),('Nói','A2P01_25',9),('Nói','A2P01_26',9),('Nói','A2P01_27',9),('Nói','A2P01_28',9),('Nói','A2P01_29',9),('Nói','A2P01_30',9),('Nói','A2P01_31',9),('Nói','A2P02_01',9),('Nói','A2P02_02',9),('Nói','A2P02_03',9),('Nói','A2P02_04',9),('Nói','A2P02_05',9),('Nói','A2P02_06',9),('Nói','A2P02_07',9),('Nói','A2P02_08',9),('Nói','A2P02_09',9),('Nói','A2P02_10',9),('Nói','A2P02_11',9),('Nói','A2P02_12',9),('Nói','A2P02_13',9),('Nói','A2P02_14',9),('Nói','A2P02_15',9),('Nói','A2P02_16',9),('Nói','A2P02_17',9),('Nói','A2P02_18',9),('Nói','A2P02_19',9),('Nói','A2P02_20',9),('Nói','A2P02_21',9),('Nói','A2P02_22',9),('Nói','A2P02_23',9),('Nói','A2P02_24',9),('Nói','A2P02_25',9),('Nói','A2P02_26',9),('Nói','A2P02_27',9),('Nói','A2P02_28',9),('Nói','A2P02_29',9),('Nói','A2P02_30',9),('Nói','B1P01_01',9),('Nói','B1P01_02',9),('Nói','B1P01_03',9),('Nói','B1P01_04',9),('Nói','B1P01_05',9),('Nói','B1P01_06',9),('Nói','B1P01_07',9),('Nói','B1P01_08',9),('Nói','B1P01_09',9),('Nói','B1P01_10',9),('Nói','B1P01_11',9),('Nói','B1P01_12',9),('Nói','B1P01_13',9),('Nói','B1P01_14',9),('Nói','B1P01_15',9),('Nói','B1P01_16',9),('Nói','B1P01_17',9),('Nói','B1P01_18',9),('Nói','B1P01_19',9),('Nói','B1P01_20',9),('Nói','B1P01_21',9),('Nói','B1P01_22',9),('Nói','B1P01_23',9),('Nói','B1P01_24',9),('Nói','B1P01_25',9),('Nói','B1P01_26',9),('Nói','B1P01_27',9),('Nói','B1P01_28',9),('Nói','B1P01_29',9),('Nói','B1P01_30',9),('Nói','B1P01_31',9),('Viết','A2P01_01',8),('Viết','A2P01_02',8),('Viết','A2P01_03',8),('Viết','A2P01_04',8),('Viết','A2P01_05',8),('Viết','A2P01_06',8),('Viết','A2P01_07',8),('Viết','A2P01_08',8),('Viết','A2P01_09',8),('Viết','A2P01_10',8),('Viết','A2P01_11',8),('Viết','A2P01_12',8),('Viết','A2P01_13',8),('Viết','A2P01_14',8),('Viết','A2P01_15',8),('Viết','A2P01_16',8),('Viết','A2P01_17',8),('Viết','A2P01_18',8),('Viết','A2P01_19',8),('Viết','A2P01_20',8),('Viết','A2P01_21',8),('Viết','A2P01_22',8),('Viết','A2P01_23',8),('Viết','A2P01_24',8),('Viết','A2P01_25',8),('Viết','A2P01_26',8),('Viết','A2P01_27',8),('Viết','A2P01_28',8),('Viết','A2P01_29',8),('Viết','A2P01_30',8),('Viết','A2P01_31',8),('Viết','A2P02_01',8),('Viết','A2P02_02',8),('Viết','A2P02_03',8),('Viết','A2P02_04',8),('Viết','A2P02_05',8),('Viết','A2P02_06',8),('Viết','A2P02_07',8),('Viết','A2P02_08',8),('Viết','A2P02_09',8),('Viết','A2P02_10',8),('Viết','A2P02_11',8),('Viết','A2P02_12',8),('Viết','A2P02_13',8),('Viết','A2P02_14',8),('Viết','A2P02_15',8),('Viết','A2P02_16',8),('Viết','A2P02_17',8),('Viết','A2P02_18',8),('Viết','A2P02_19',8),('Viết','A2P02_20',8),('Viết','A2P02_21',8),('Viết','A2P02_22',8),('Viết','A2P02_23',8),('Viết','A2P02_24',8),('Viết','A2P02_25',8),('Viết','A2P02_26',8),('Viết','A2P02_27',8),('Viết','A2P02_28',8),('Viết','A2P02_29',8),('Viết','A2P02_30',8),('Viết','B1P01_01',8),('Viết','B1P01_02',8),('Viết','B1P01_03',8),('Viết','B1P01_04',8),('Viết','B1P01_05',8),('Viết','B1P01_06',8),('Viết','B1P01_07',8),('Viết','B1P01_08',8),('Viết','B1P01_09',8),('Viết','B1P01_10',8),('Viết','B1P01_11',8),('Viết','B1P01_12',8),('Viết','B1P01_13',8),('Viết','B1P01_14',8),('Viết','B1P01_15',8),('Viết','B1P01_16',8),('Viết','B1P01_17',8),('Viết','B1P01_18',8),('Viết','B1P01_19',8),('Viết','B1P01_20',8),('Viết','B1P01_21',8),('Viết','B1P01_22',8),('Viết','B1P01_23',8),('Viết','B1P01_24',8),('Viết','B1P01_25',8),('Viết','B1P01_26',8),('Viết','B1P01_27',8),('Viết','B1P01_28',8),('Viết','B1P01_29',8),('Viết','B1P01_30',8),('Viết','B1P01_31',8);


--

--

INSERT INTO duthi(MaPhongThi,CMND,SBD) VALUES ('P1K1221','111849552','A2001'),('P1K1221','113849571','A2002'),('P1K1221','113849579','A2003'),('P1K1221','115238469','A2004'),('P1K1221','115238470','A2005'),('P1K1221','121849552','A2006'),('P1K1221','123845554','A2007'),('P1K1221','152384955','A2008'),('P1K1221','152384976','A2009'),('P1K1221','159884976','A2010'),('P1K1221','159884977','A2011'),('P1K1221','172384022','A2012'),('P1K1221','172384222','A2013'),('P1K1221','173849596','A2014'),('P1K1221','176384058','A2015'),('P1K1221','176484058','A2016'),('P1K1221','183849501','A2017'),('P1K1221','183849502','A2018'),('P1K1221','183849799','A2019'),('P1K1221','183849999','A2020'),('P1K1221','201495521','A2021'),('P1K1221','206849421','A2022'),('P1K1221','206849424','A2023'),('P1K1221','206849981','A2024'),('P1K1221','206849991','A2025'),('P1K1221','211495521','A2026'),('P1K1221','211849551','A2027'),('P1K1221','212849476','A2028'),('P1K1221','212849477','A2029'),('P1K1221','213849575','A2030'),('P1K1221','213849576','A2031'),('P2K1221','215849421','A2032'),('P2K1221','215849422','A2033'),('P2K1221','221849421','A2034'),('P2K1221','222849412','A2035'),('P2K1221','222849476','A2036'),('P2K1221','223384955','A2037'),('P2K1221','223384959','A2038'),('P2K1221','223849574','A2039'),('P2K1221','223849575','A2040'),('P2K1221','228384458','A2041'),('P2K1221','228384959','A2042'),('P2K1221','242384958','A2043'),('P2K1221','242384988','A2044'),('P2K1221','251384965','A2045'),('P2K1221','251384975','A2046'),('P2K1221','271384020','A2047'),('P2K1221','271384022','A2048'),('P2K1221','273849696','A2049'),('P2K1221','276384059','A2050'),('P2K1221','276384159','A2051'),('P2K1221','276384659','A2052'),('P2K1221','321849552','A2053'),('P2K1221','321849555','A2054'),('P2K1221','322249221','A2055'),('P2K1221','322249554','A2056'),('P2K1221','323845554','A2057'),('P2K1221','323849554','A2058'),('P2K1221','444638401','A2059'),('P2K1221','444638405','A2060'),('P2K1221','452384957','A2061'),('P3K1221','452384958','B1001'),('P3K1221','612449472','B1002'),('P3K1221','615231469','B1003'),('P3K1221','615238469','B1004'),('P3K1221','656584973','B1005'),('P3K1221','656584977','B1006'),('P3K1221','658384933','B1007'),('P3K1221','658384973','B1008'),('P3K1221','666684022','B1009'),('P3K1221','666684058','B1010'),('P3K1221','696984922','B1011'),('P3K1221','696984941','B1012'),('P3K1221','698384912','B1013'),('P3K1221','698384922','B1014'),('P3K1221','712249571','B1015'),('P3K1221','713849571','B1016'),('P3K1221','718249576','B1017'),('P3K1221','718249596','B1018'),('P3K1221','76541234','B1019'),('P3K1221','776384459','B1020'),('P3K1221','777638405','B1021'),('P3K1221','777638998','B1022'),('P3K1221','812449472','B1023'),('P3K1221','812849472','B1024'),('P3K1221','812849474','B1025'),('P3K1221','814849554','B1026'),('P3K1221','823849554','B1027'),('P3K1221','921849552','B1028'),('P3K1221','968319721','B1029'),('P3K1221','968384972','B1030'),('P3K1221','968394972','B1031');





INSERT INTO dangky(MaKhoaThi,CMND,TenTrinhDo) VALUES ('K1221','111849552','A2'),('K1221','113849571','A2'),('K1221','113849579','A2'),('K1221','115238469','A2'),('K1221','115238470','A2'),('K1221','121849552','A2'),('K1221','123845554','A2'),('K1221','152384955','A2'),('K1221','152384976','A2'),('K1221','159884976','A2'),('K1221','159884977','A2'),('K1221','172384022','A2'),('K1221','172384222','A2'),('K1221','173849596','A2'),('K1221','176384058','A2'),('K1221','176484058','A2'),('K1221','183849501','A2'),('K1221','183849502','A2'),('K1221','183849799','A2'),('K1221','183849999','A2'),('K1221','201495521','A2'),('K1221','206849421','A2'),('K1221','206849424','A2'),('K1221','206849981','A2'),('K1221','206849991','A2'),('K1221','211495521','A2'),('K1221','211849551','A2'),('K1221','212849476','A2'),('K1221','212849477','A2'),('K1221','213849575','A2'),('K1221','213849576','A2'),('K1221','215849421','A2'),('K1221','215849422','A2'),('K1221','221849421','A2'),('K1221','222849412','A2'),('K1221','222849476','A2'),('K1221','223384955','A2'),('K1221','223384959','A2'),('K1221','223849574','A2'),('K1221','223849575','A2'),('K1221','228384458','A2'),('K1221','228384959','A2'),('K1221','242384958','A2'),('K1221','242384988','A2'),('K1221','251384965','A2'),('K1221','251384975','A2'),('K1221','271384020','A2'),('K1221','271384022','A2'),('K1221','273849696','A2'),('K1221','276384059','A2'),('K1221','276384159','A2'),('K1221','276384659','A2'),('K1221','321849552','A2'),('K1221','321849555','A2'),('K1221','322249221','A2'),('K1221','322249554','A2'),('K1221','323845554','A2'),('K1221','323849554','A2'),('K1221','444638401','A2'),('K1221','444638405','A2'),('K1221','452384957','A2'),('K1221','452384958','B1'),('K1221','612449472','B1'),('K1221','615231469','B1'),('K1221','615238469','B1'),('K1221','656584973','B1'),('K1221','656584977','B1'),('K1221','658384933','B1'),('K1221','658384973','B1'),('K1221','666684022','B1'),('K1221','666684058','B1'),('K1221','696984922','B1'),('K1221','696984941','B1'),('K1221','698384912','B1'),('K1221','698384922','B1'),('K1221','712249571','B1'),('K1221','713849571','B1'),('K1221','718249576','B1'),('K1221','718249596','B1'),('K1221','76541234','B1'),('K1221','776384459','B1'),('K1221','777638405','B1'),('K1221','777638998','B1'),('K1221','812449472','B1'),('K1221','812849472','B1'),('K1221','812849474','B1'),('K1221','814849554','B1'),('K1221','823849554','B1'),('K1221','921849552','B1'),('K1221','968319721','B1'),('K1221','968384972','B1'),('K1221','968394972','B1');


